pid,p_name
0,
70,小编
117,首批购买年度大会员
147,国民老公带回家
149,快把我哥带走
150,纳米核心
152,全职高手
153,血色苍穹
154,择天记
194,黑白无双
195,拳皇
196,斗破苍穹
197,天谕
198,王子碰碰球
217,citrus
249,碧蓝之海
250,工作细胞
252,春原庄的管理人小姐
258,梦100
293,凹凸世界
294,茶啊二中
295,刺客伍六七
296,画江湖之侠岚
297,记忆U盘
298,沈剑心
299,梦塔·雪谜城
300,暮光幻影
301,实验品家庭
302,万界仙踪
303,喂，看见耳朵啦
304,我家大师兄脑子有坑
322,小试身手
326,圣诞节快乐
332,绘画垂类头像框
343,年度猫片
352,不吉波普不笑
367,中野五月
368,中野四叶
371,中野一花
415,X契约
430,巅峰荣耀
436,横扫全场
450,刀说异数
451,汉化日记
452,灵笼
453,领风者
454,萌妻食神
455,请吃红小豆
456,少年歌行
457,少女前线
459,我是江小白
460,异常生物
461,斩兽之刃
462,地中海
994,格兰芬多
995,赫奇帕奇
996,拉文克劳
997,斯莱特林
1124,阴阳师·平安物语
1141,如果历史是一群喵
1158,灵笼
1175,少前小剧场
1293,碧蓝航线
1396,激情三连
1397,激情三连·典藏
1416,拜年祭粉丝专鼠
1445,年度打卡挑战
1472,大王不高兴
1493,2020拜年祭（鼠）
1734,乐正绫五周年生日
1758,至尊戒
1759,精灵王
1849,黄绿合战5th
1878,游戏新星
1885,公主连结凯露
1886,公主连结可可萝
1887,公主连结佩可莉姆
1888,泠鸢yousa
1912,双生视界·花嫁
1987,碧蓝航线2020
1990,明日方舟
2034,哔哩星人召唤
2042,百鬼幼儿园
2065,十年大会员
2066,百年大会员
2079,BW2020
2100,BML2020暗黑版
2101,BML2020光明版
2155,洛天依8th生日纪念
2162,言和7th生日纪念
2250,雾山五行
2276,hanser
2360,#EveOneCat
2425,湊-阿库娅
2511,初音未来13周年
2630,三周年恋曲
2652,阴阳师海国之境
2681,星座系列：天秤座
2701,七濑胡桃
2733,约战·狂三
2776,一起看电竞
2872,登乐V计划
2913,鹿乃
2961,星座系列：天蝎座
2982,阿萨Aza
3008,天官赐福动画
3029,说唱新世代
3057,还有醒着的么
3091,花园Serena
3121,阴阳师花鸟卷
3144,原神
3188,Kizuna AI
3222,星座系列：射手座
3315,欧皇
3399,2233幻星集
3410,新月冰冰
3508,总之就是非常可爱
3555,全面战争
3584,绯赤艾莉欧
3609,雪未来
3642,星座系列：摩羯座
3676,战双帕弥什
3699,电子喵
3831,星座系列：水瓶座
3860,2021拜年纪
3881,菜菜子
3927,多多poi
4005,星座系列：双鱼座
4036,崩坏3·天穹流星
4059,进击的冰糖
4104,良辰美景·不问天
4128,伍六七之玄武国篇
4177,小羊驼三三
4205,第五人格
4229,2233白色情人节
4260,干物妹！小埋
4318,星座系列：白羊座
4357,希萝Hiiro
4412,C酱です
4514,萌宠小狗
4537,不思议之旅
4613,橘猫挂件
4622,名侦探柯南
4665,赏樱大会欧皇
4667,花丸晴琉
4757,出游季
4774,一周年纪念装扮
4820,七海演唱会
4875,罗伊
4899,物述有栖
4930,星座系列：双子座
4973,泠鸢yousa登门喜鹊
5083,魔兽世界怀旧服
5108,罗小黑战记
5129,大航海韩小沐
5154,大航海嘉然
5201,BML2021
5268,咩栗
5270,提摩西小队
5305,明日方舟音律系列
5334,乙女音
5425,BW2021
5462,嘉然今天吃什么
5474,12周年夏日狂欢
5591,时光代理人
5647,魔法学院
5687,两不疑
5726,我的爸爸是条龙
5767,洛天依9th生日纪念
5798,美波七海
5825,前进吧！奥运超人
5830,呜米
5870,星座系列：狮子座
5958,小桃
6024,2233夏日冰品
6053,星尘
6093,工作细胞
6155,早稻叽
6160,2233十一周年纪念
6183,白神遥
6212,百妖谱第二季
6249,星座系列：处女座
6447,阿梓从小就很可爱
6507,白蛇2：青蛇劫起
6523,泰蕾莎
32257,EveOneCat2
32316,星座特典
32419,向晚大魔王
32428,RNG战队
32446,EDG战队
32464,FPX战队
32505,LPL出征
32948,贝拉kira
33465,乃琳Queen
33630,珈乐Carol
48655,艾露露两周年纪念
48656,兔年吉祥東雪蓮
48662,烛灵儿Hikari
50252,黎歌Neeko
50260,冥冥meichan
50261,蔬菜精灵第二弹
50265,红晓音Akane
50330,VirtuaReal皓月头像框
50825,赘婿动画头像框
51253,火凤燎原头像框
51369,杜松子
51371,天曰小雏
52528,BLG信念干杯收藏集
53199,夏日萌菜头像框
53590,崩坏：星穹铁道
53890,救赎
53938,仲夏幻想
54440,幻星集
55216,永生之无尽仙途
55257,暹罗厘普
55428,bml十周年
55650,明日方舟-愚夜密函
55657,艾恺特AKT收藏集
55833,鲸落落raku
56322,粉妆玉琢·头像框
56392,雾山五行收藏集
56656,某科学的超电磁炮T
56740,白夜极光
56880,幻星集·命运的选择
57118,夏日狂想曲·头像框
57225,爱上她的理由
58832,斗破苍穹
58857,可萌可御喵·头像框
59456,伊诺菈ProjectOrcus收藏集
59539,百变芋圆头像框
59814,尼奈·米虫之夏头像框
59870,玩笑派对头像框
60038,群星闪耀时天秤座头像框
60450,花园花玲头像框
60801,WBG头像框
61328,美月头像框
61407,美依礼芽头像框
61611,星瞳梦幻童话头像框
207865,铒灰灵心
212087,战忽局
212887,丝茉茉i的茉茉兽
220866,盖伦
227716,一刀一个小粉丝
100000012,发疯小黄豆
100000019,艾尔莎收藏集头像框
100000020,psplive山珍集
100000032,露早GOGO收藏集
100000035,彩虹酱哇头像框
100000036,兰音收藏集
100000037,喜羊羊与灰太狼动画
100000039,quin和他的朋友们
